{
  "variables": ["평균기온(°C)", "일강수량(mm)", "최대 풍속(m/s)", "최대 풍속 풍향(16방위)", "월", "발전소", "강수여부", "연", "일별등록대수"],
  "classes": ["보통", "나쁨", "매우나쁨"],
  "coef": [
    [0.0356, -0.0145, 0.2707, -0.0004, 0.0189, -0.0490, -0.1045, -0.1747, -0.0000682],
    [-0.0158, 0.1098, -0.0522, 0.0003, 0.1765, -0.0382, -0.4175, -0.1659, -0.0000092],
    [0.0204, 0.1364, 0.0076, -0.0016, 0.2844, -0.0862, 0.1707, -0.2080, -0.0000718]
  ],
  "pval": [
    [0.0000, 0.5380, 0.0000, 0.2980, 0.2300, 0.7760, 0.3310, 0.0000, 0.0000],
    [0.0000, 0.0000, 0.0000, 0.0950, 0.0000, 0.6470, 0.0000, 0.0000, 0.0880],
    [0.0000, 0.0000, 0.3690, 0.0000, 0.0000, 0.3020, 0.0003, 0.0000, 0.0000]
  ]
}